{
  "generated_at": "2026-06-10T13:36:40.524406-07:00",
  "model": {
    "type": "l2_logistic_regression_numpy",
    "decision_step_seconds": 5,
    "train_fraction_by_market_time": 0.7,
    "iterations": 3000,
    "learning_rate": 0.08,
    "l2": 0.02,
    "features": [
      "seconds_left",
      "elapsed_seconds",
      "distance_bps",
      "abs_distance_bps",
      "btc_return_1s_bps",
      "btc_return_5s_bps",
      "btc_return_15s_bps",
      "max_abs_distance_so_far_bps",
      "max_up_distance_so_far_bps",
      "max_down_distance_so_far_bps",
      "realized_vol_15s_bps",
      "realized_vol_30s_bps",
      "cheap_bid",
      "cheap_ask",
      "cheap_bid_size",
      "cheap_ask_size",
      "cheap_bid_depth_5",
      "cheap_ask_depth_5",
      "cheap_spread",
      "complement_ask_sum",
      "complement_bid_sum",
      "up_depth_imbalance",
      "down_depth_imbalance",
      "up_trade_notional_5s",
      "down_trade_notional_5s",
      "up_signed_trade_notional_5s",
      "down_signed_trade_notional_5s",
      "up_trade_notional_15s",
      "down_trade_notional_15s",
      "up_signed_trade_notional_15s",
      "down_signed_trade_notional_15s",
      "cheap_side_is_up",
      "cheap_has_bid",
      "cheap_has_ask"
    ]
  },
  "train": {
    "rows": 21777,
    "markets": 357,
    "win_prob": 0.21192083390733343,
    "avg_ask": 0.22709606465537033,
    "avg_pred_win_prob": 0.21268439074675904,
    "avg_pred_ev": -0.014411673908611295,
    "avg_realized_pnl": -0.015175230748036922,
    "log_loss": 0.3887737454160708,
    "brier": 0.12958399620043495,
    "auc": 0.8278896420485027
  },
  "test": {
    "rows": 9333,
    "markets": 153,
    "win_prob": 0.22468659594985535,
    "avg_ask": 0.24585878067073824,
    "avg_pred_win_prob": 0.22736918566208655,
    "avg_pred_ev": -0.018489595008651695,
    "avg_realized_pnl": -0.02117218472088289,
    "log_loss": 0.4342281431288645,
    "brier": 0.14325931170622366,
    "auc": 0.7895478628686694
  },
  "thresholds": [
    {
      "min_pred_ev": -0.1,
      "train_rows": 20430,
      "train_markets": 357,
      "train_avg_pred_ev": -0.005274904641262659,
      "train_win_prob": 0.21086637298091043,
      "train_avg_ask": 0.2191375917767988,
      "train_pnl_per_share": -0.008271218795888397,
      "train_total_pnl_per_share": -168.98099999999997,
      "train_roi_on_cost": -0.03774440856461083,
      "test_rows": 8663,
      "test_markets": 153,
      "test_avg_pred_ev": -0.00943542010141331,
      "test_win_prob": 0.21886182615722036,
      "test_avg_ask": 0.23890799953826616,
      "test_pnl_per_share": -0.02004617338104583,
      "test_total_pnl_per_share": -173.66000000000003,
      "test_roi_on_cost": -0.0839075017152576,
      "passes_holdout": false
    },
    {
      "min_pred_ev": -0.05,
      "train_rows": 16806,
      "train_markets": 357,
      "train_avg_pred_ev": 0.008968123185048173,
      "train_win_prob": 0.2061168630251101,
      "train_avg_ask": 0.20212073069141973,
      "train_pnl_per_share": 0.003996132333690348,
      "train_total_pnl_per_share": 67.15899999999999,
      "train_roi_on_cost": 0.01977101665930198,
      "test_rows": 6655,
      "test_markets": 153,
      "test_avg_pred_ev": 0.00960542851387278,
      "test_win_prob": 0.2069120961682945,
      "test_avg_ask": 0.22023290758827951,
      "test_pnl_per_share": -0.01332081141998497,
      "test_total_pnl_per_share": -88.64999999999998,
      "test_roi_on_cost": -0.06048510899600858,
      "passes_holdout": false
    },
    {
      "min_pred_ev": 0.0,
      "train_rows": 9240,
      "train_markets": 355,
      "train_avg_pred_ev": 0.031748907371119545,
      "train_win_prob": 0.24588744588744588,
      "train_avg_ask": 0.22309902597402598,
      "train_pnl_per_share": 0.022788419913419913,
      "train_total_pnl_per_share": 210.565,
      "train_roi_on_cost": 0.10214486510610328,
      "test_rows": 3858,
      "test_markets": 153,
      "test_avg_pred_ev": 0.03254573702357081,
      "test_win_prob": 0.2052877138413686,
      "test_avg_ask": 0.22169517884914464,
      "test_pnl_per_share": -0.016407465007776047,
      "test_total_pnl_per_share": -63.29999999999998,
      "test_roi_on_cost": -0.07400911960715537,
      "passes_holdout": false
    },
    {
      "min_pred_ev": 0.025,
      "train_rows": 4347,
      "train_markets": 310,
      "train_avg_pred_ev": 0.05406566104496004,
      "train_win_prob": 0.3498964803312629,
      "train_avg_ask": 0.3036024844720497,
      "train_pnl_per_share": 0.04629399585921327,
      "train_total_pnl_per_share": 201.24000000000007,
      "train_roi_on_cost": 0.15248226950354615,
      "test_rows": 1834,
      "test_markets": 132,
      "test_avg_pred_ev": 0.05523948571523232,
      "test_win_prob": 0.29280261723009815,
      "test_avg_ask": 0.3010905125408942,
      "test_pnl_per_share": -0.008287895310796071,
      "test_total_pnl_per_share": -15.199999999999996,
      "test_roi_on_cost": -0.02752625860195581,
      "passes_holdout": false
    },
    {
      "min_pred_ev": 0.05,
      "train_rows": 1934,
      "train_markets": 257,
      "train_avg_pred_ev": 0.07721781494927613,
      "train_win_prob": 0.4917269906928645,
      "train_avg_ask": 0.41987590486039295,
      "train_pnl_per_share": 0.07185108583247159,
      "train_total_pnl_per_share": 138.96000000000004,
      "train_roi_on_cost": 0.17112457514408164,
      "test_rows": 843,
      "test_markets": 113,
      "test_avg_pred_ev": 0.07881776947687268,
      "test_win_prob": 0.45195729537366547,
      "test_avg_ask": 0.4304033214709372,
      "test_pnl_per_share": 0.021553973902728344,
      "test_total_pnl_per_share": 18.169999999999995,
      "test_roi_on_cost": 0.05007854918281287,
      "passes_holdout": true
    },
    {
      "min_pred_ev": 0.075,
      "train_rows": 890,
      "train_markets": 209,
      "train_avg_pred_ev": 0.09621949840716182,
      "train_win_prob": 0.5359550561797752,
      "train_avg_ask": 0.47631460674157305,
      "train_pnl_per_share": 0.059640449438202264,
      "train_total_pnl_per_share": 53.08000000000001,
      "train_roi_on_cost": 0.12521230420834123,
      "test_rows": 417,
      "test_markets": 92,
      "test_avg_pred_ev": 0.09602395185022151,
      "test_win_prob": 0.5083932853717026,
      "test_avg_ask": 0.48285371702637886,
      "test_pnl_per_share": 0.025539568345323758,
      "test_total_pnl_per_share": 10.650000000000007,
      "test_roi_on_cost": 0.05289297243605666,
      "passes_holdout": true
    },
    {
      "min_pred_ev": 0.1,
      "train_rows": 307,
      "train_markets": 117,
      "train_avg_pred_ev": 0.11410461641539645,
      "train_win_prob": 0.5700325732899023,
      "train_avg_ask": 0.4914657980456025,
      "train_pnl_per_share": 0.07856677524429968,
      "train_total_pnl_per_share": 24.120000000000005,
      "train_roi_on_cost": 0.15986214209968194,
      "test_rows": 147,
      "test_markets": 52,
      "test_avg_pred_ev": 0.11448480656365616,
      "test_win_prob": 0.4489795918367347,
      "test_avg_ask": 0.5059863945578231,
      "test_pnl_per_share": -0.05700680272108843,
      "test_total_pnl_per_share": -8.379999999999999,
      "test_roi_on_cost": -0.11266469481043291,
      "passes_holdout": false
    },
    {
      "min_pred_ev": 0.15,
      "train_rows": 0,
      "train_markets": 0,
      "train_avg_pred_ev": null,
      "train_win_prob": null,
      "train_avg_ask": null,
      "train_pnl_per_share": null,
      "train_total_pnl_per_share": null,
      "train_roi_on_cost": null,
      "test_rows": 0,
      "test_markets": 0,
      "test_avg_pred_ev": null,
      "test_win_prob": null,
      "test_avg_ask": null,
      "test_pnl_per_share": null,
      "test_total_pnl_per_share": null,
      "test_roi_on_cost": null,
      "passes_holdout": false
    },
    {
      "min_pred_ev": 0.2,
      "train_rows": 0,
      "train_markets": 0,
      "train_avg_pred_ev": null,
      "train_win_prob": null,
      "train_avg_ask": null,