{
  "generated_at": "2026-06-10T13:15:57.806206-07:00",
  "model": {
    "type": "l2_logistic_regression_numpy",
    "decision_step_seconds": 5,
    "train_fraction_by_market_time": 0.7,
    "iterations": 3000,
    "learning_rate": 0.08,
    "l2": 0.02,
    "features": [
      "seconds_left",
      "elapsed_seconds",
      "distance_bps",
      "abs_distance_bps",
      "btc_return_1s_bps",
      "btc_return_5s_bps",
      "btc_return_15s_bps",
      "max_abs_distance_so_far_bps",
      "max_up_distance_so_far_bps",
      "max_down_distance_so_far_bps",
      "realized_vol_15s_bps",
      "realized_vol_30s_bps",
      "cheap_bid",
      "cheap_ask",
      "cheap_bid_size",
      "cheap_ask_size",
      "cheap_bid_depth_5",
      "cheap_ask_depth_5",
      "cheap_spread",
      "complement_ask_sum",
      "complement_bid_sum",
      "up_depth_imbalance",
      "down_depth_imbalance",
      "up_trade_notional_5s",
      "down_trade_notional_5s",
      "up_signed_trade_notional_5s",
      "down_signed_trade_notional_5s",
      "up_trade_notional_15s",
      "down_trade_notional_15s",
      "up_signed_trade_notional_15s",
      "down_signed_trade_notional_15s",
      "cheap_side_is_up",
      "cheap_has_bid",
      "cheap_has_ask"
    ]
  },
  "train": {
    "rows": 13420,
    "markets": 220,
    "win_prob": 0.18785394932935917,
    "avg_ask": 0.21243524590163937,
    "avg_pred_win_prob": 0.18915669601498628,
    "avg_pred_ev": -0.023278549886653045,
    "avg_realized_pnl": -0.02458129657228018,
    "log_loss": 0.3554407455404201,
    "brier": 0.1179757246265954,
    "auc": 0.8406053068346452
  },
  "test": {
    "rows": 5795,
    "markets": 95,
    "win_prob": 0.20241587575496117,
    "avg_ask": 0.23245383951682483,
    "avg_pred_win_prob": 0.21010077504880825,
    "avg_pred_ev": -0.022353064468016586,
    "avg_realized_pnl": -0.030037963761863674,
    "log_loss": 0.41716467701088095,
    "brier": 0.13410991995773178,
    "auc": 0.787539891316337
  },
  "thresholds": [
    {
      "min_pred_ev": -0.1,
      "train_rows": 12158,
      "train_markets": 220,
      "train_avg_pred_ev": -0.008373541670025656,
      "train_win_prob": 0.1858035861161375,
      "train_avg_ask": 0.19664508965290345,
      "train_pnl_per_share": -0.010841503536765914,
      "train_total_pnl_per_share": -131.81099999999998,
      "train_roi_on_cost": -0.05513233793888349,
      "test_rows": 5159,
      "test_markets": 95,
      "test_avg_pred_ev": -0.007474506525751878,
      "test_win_prob": 0.18763326226012794,
      "test_avg_ask": 0.2175789881760031,
      "test_pnl_per_share": -0.029945725915875167,
      "test_total_pnl_per_share": -154.48999999999998,
      "test_roi_on_cost": -0.1376315156482463,
      "passes_holdout": false
    },
    {
      "min_pred_ev": -0.05,
      "train_rows": 9986,
      "train_markets": 220,
      "train_avg_pred_ev": 0.00543710385909133,
      "train_win_prob": 0.17564590426597237,
      "train_avg_ask": 0.17180963348688164,
      "train_pnl_per_share": 0.003836270779090723,
      "train_total_pnl_per_share": 38.30899999999996,
      "train_roi_on_cost": 0.022328612786335047,
      "test_rows": 4035,
      "test_markets": 95,
      "test_avg_pred_ev": 0.011009684553694702,
      "test_win_prob": 0.1526641883519207,
      "test_avg_ask": 0.1902800495662949,
      "test_pnl_per_share": -0.03761586121437423,
      "test_total_pnl_per_share": -151.78,
      "test_roi_on_cost": -0.1976868373752898,
      "passes_holdout": false
    },
    {
      "min_pred_ev": 0.0,
      "train_rows": 4906,
      "train_markets": 205,
      "train_avg_pred_ev": 0.02980701544446691,
      "train_win_prob": 0.2040358744394619,
      "train_avg_ask": 0.17781512433754587,
      "train_pnl_per_share": 0.02622075010191601,
      "train_total_pnl_per_share": 128.63899999999995,
      "train_roi_on_cost": 0.14746074159665545,
      "test_rows": 2497,
      "test_markets": 94,
      "test_avg_pred_ev": 0.030812536090770226,
      "test_win_prob": 0.12575090108129755,
      "test_avg_ask": 0.17174209050861033,
      "test_pnl_per_share": -0.04599118942731278,
      "test_total_pnl_per_share": -114.84,
      "test_roi_on_cost": -0.2677921835649659,
      "passes_holdout": false
    },
    {
      "min_pred_ev": 0.025,
      "train_rows": 2394,
      "train_markets": 157,
      "train_avg_pred_ev": 0.05027740811072767,
      "train_win_prob": 0.2953216374269006,
      "train_avg_ask": 0.24859231411862995,
      "train_pnl_per_share": 0.046729323308270676,
      "train_total_pnl_per_share": 111.86999999999999,
      "train_roi_on_cost": 0.18797573639372905,
      "test_rows": 1334,
      "test_markets": 81,
      "test_avg_pred_ev": 0.047813157725727515,
      "test_win_prob": 0.16041979010494753,
      "test_avg_ask": 0.20763118440779613,
      "test_pnl_per_share": -0.04721139430284857,
      "test_total_pnl_per_share": -62.97999999999999,
      "test_roi_on_cost": -0.2273810383421185,
      "passes_holdout": false
    },
    {
      "min_pred_ev": 0.05,
      "train_rows": 1007,
      "train_markets": 125,
      "train_avg_pred_ev": 0.0692270262328217,
      "train_win_prob": 0.3872889771598808,
      "train_avg_ask": 0.33351539225422044,
      "train_pnl_per_share": 0.053773584905660386,
      "train_total_pnl_per_share": 54.150000000000006,
      "train_roi_on_cost": 0.16123269316659225,
      "test_rows": 516,
      "test_markets": 65,
      "test_avg_pred_ev": 0.06560103824797796,
      "test_win_prob": 0.23062015503875968,
      "test_avg_ask": 0.2536821705426356,
      "test_pnl_per_share": -0.023062015503875957,
      "test_total_pnl_per_share": -11.899999999999993,
      "test_roi_on_cost": -0.09090909090909087,
      "passes_holdout": false
    },
    {
      "min_pred_ev": 0.075,
      "train_rows": 306,
      "train_markets": 79,
      "train_avg_pred_ev": 0.08999415501434704,
      "train_win_prob": 0.49019607843137253,
      "train_avg_ask": 0.40294117647058825,
      "train_pnl_per_share": 0.08725490196078432,
      "train_total_pnl_per_share": 26.700000000000003,
      "train_roi_on_cost": 0.21654501216545013,
      "test_rows": 112,
      "test_markets": 39,
      "test_avg_pred_ev": 0.08610065651302048,
      "test_win_prob": 0.4107142857142857,
      "test_avg_ask": 0.37214285714285716,
      "test_pnl_per_share": 0.038571428571428576,
      "test_total_pnl_per_share": 4.32,
      "test_roi_on_cost": 0.1036468330134357,
      "passes_holdout": true
    },
    {
      "min_pred_ev": 0.1,
      "train_rows": 65,
      "train_markets": 32,
      "train_avg_pred_ev": 0.10806284655779755,
      "train_win_prob": 0.5230769230769231,
      "train_avg_ask": 0.4724615384615385,
      "train_pnl_per_share": 0.05061538461538462,
      "train_total_pnl_per_share": 3.29,
      "train_roi_on_cost": 0.10713122761315533,
      "test_rows": 13,
      "test_markets": 12,
      "test_avg_pred_ev": 0.10705705157381767,
      "test_win_prob": 0.46153846153846156,
      "test_avg_ask": 0.4623076923076923,
      "test_pnl_per_share": -0.0007692307692307699,
      "test_total_pnl_per_share": -0.010000000000000009,
      "test_roi_on_cost": -0.0016638935108153094,
      "passes_holdout": false
    },
    {
      "min_pred_ev": 0.15,
      "train_rows": 0,
      "train_markets": 0,
      "train_avg_pred_ev": null,
      "train_win_prob": null,
      "train_avg_ask": null,
      "train_pnl_per_share": null,
      "train_total_pnl_per_share": null,
      "train_roi_on_cost": null,
      "test_rows": 0,
      "test_markets": 0,
      "test_avg_pred_ev": null,
      "test_win_prob": null,
      "test_avg_ask": null,
      "test_pnl_per_share": null,
      "test_total_pnl_per_share": null,
      "test_roi_on_cost": null,
      "passes_holdout": false
    },
    {
      "min_pred_ev": 0.2,
      "train_rows": 0,
      "train_markets": 0,
      "train_avg_pred_ev": null,
      "train_win_prob": null,
      "train_avg_ask": null,
      "train_pnl_per_share": null,